name;phone_number;email;address;birthday
Heather Clark;+1-646-639-3483x12599;jamesmartin@example.com;"471 Davidson Valleys
Port Matthewborough, FL 56085";2006-01-15
Candace Patel;536.906.3290;mark38@example.com;"14206 Leah Lock Suite 310
Lake Maryport, NH 19353";2005-12-17
Pamela Franco;001-834-546-2330x054;arobles@example.net;"5489 Lee Gardens
Fitzpatrickmouth, DC 09188";2012-10-06
Eric Gilbert;640-856-0615;fisherdaniel@example.org;"23226 Martin Summit
Munozshire, NJ 66780";2020-10-19
Donna Brooks;434.573.6083;brightdavid@example.org;"72170 Teresa Meadows Apt. 590
East Feliciabury, AK 85936";2018-05-08
Chelsea Lynch;698-721-1886x4807;katelyn03@example.org;"2997 Chad Vista Suite 184
Benjaminfurt, AZ 21319";1996-09-14
Nathan Stewart;(942)509-8829;tyrone42@example.org;"4588 Eric Forge
Youngton, IL 61072";1977-08-17
Lauren Collins;(961)990-9032x2929;nlee@example.net;"USNV Smith
FPO AP 80704";2003-05-01
Michael Lane;+1-766-210-9341;brianbennett@example.com;"700 Patricia Roads
Christineshire, FM 57184";1989-08-16
Lauren Smith;683-528-1441x869;hesstimothy@example.net;"15260 Jason Mall
North Carol, ME 50421";2012-05-02
Brandon Garcia;+1-935-904-9141x90779;bcoffey@example.net;"998 Robertson Manors Suite 950
North Ryanstad, GA 67221";2019-06-15
Joshua Villarreal;+1-510-597-9437x913;petersoneric@example.com;"16825 John Oval
North Michelleburgh, SD 17363";1991-07-21
Robert Williams;527.718.2378x8395;danielnina@example.net;"5437 Williams Mission Suite 746
South Elizabeth, PA 62671";1997-09-06
Jamie Dawson;+1-760-728-6497;sean31@example.org;"94131 Zimmerman Drive Apt. 981
East Lisa, FM 61923";1994-12-24
Jennifer Miller;001-959-837-9711x25851;alexabrown@example.org;"Unit 8896 Box 9050
DPO AA 34752";2013-10-13
Ashley Burns;7934914683;dixondeborah@example.org;"25536 Adams Row Suite 601
Victorfort, MI 42513";1970-09-06
Melissa Smith;479-554-9555x915;dorseycarl@example.net;"9442 Brown Pike
Port Jake, IA 61779";1977-08-13
Charles Stevens;615.475.8003;jamesbaker@example.org;"83610 Thomas Squares
Hollytown, HI 08487";1972-04-09
Jamie Huffman;001-785-728-1961;juan21@example.com;"PSC 6207, Box 5547
APO AP 20547";1980-05-17
Sherri Haley;+1-433-569-7358x74618;mary27@example.com;"23844 Heather Meadows Suite 204
Albertview, HI 34462";1973-03-08
John Sutton;(945)490-9435;morenodavid@example.net;"248 Albert Road
West Jamieland, OK 10055";2001-11-26
Michael Harper;222-288-7757;scott51@example.net;"PSC 2299, Box 2709
APO AP 06238";1976-02-14
Samuel Brown;001-555-342-2972x71764;stephanie46@example.net;"3766 William Court Suite 682
Nicholsburgh, RI 69372";1997-06-24
Pamela Case;397-266-8129;williamcollins@example.net;"4905 Sanchez Stream Suite 960
Johnsonville, AZ 65665";1986-11-01
Lynn Bryant;+1-924-943-3553x85170;ipearson@example.net;"418 Cynthia Union Apt. 420
East Alyssa, CT 36046";2004-09-06
Zachary Oliver;830-273-6361x2730;hernandezhannah@example.com;"6859 Steven Throughway Suite 620
Lake Tonyborough, MT 41543";1980-08-10
Lindsey Tran;647-463-0422x5156;amandacurry@example.com;"876 Guerra Port Suite 801
Marshallborough, SC 90671";1974-06-07
Andrew Cunningham;822.686.1822x7899;zmorrow@example.com;"8034 Daniel Squares
New Michaelbury, AR 20487";2015-05-17
David Johnson;632.795.8076x8913;mmorrison@example.net;"30227 Kevin Manors Apt. 907
East Yvette, CA 51923";2014-11-13
Andrea Jones;(619)658-1998x23428;anthony52@example.com;"343 Whitney Valley
South Pamela, NV 27627";1985-07-18
Kenneth Griffin;291.453.5791x71387;hjohnson@example.org;"2562 Virginia Avenue Suite 049
Sherrychester, SD 65585";1975-02-18
Melanie Sullivan;263-290-7198;hmorse@example.com;"PSC 1912, Box 2368
APO AA 17662";1980-03-21
Richard Barnett;297.206.2495x0533;avilaamanda@example.org;"192 Alvarez Vista Suite 449
Crystalside, IN 67322";1991-09-08
Wendy Hunter;+1-325-389-1997;jeffreyholmes@example.org;"872 Johnson Vista Apt. 796
Lake Rebeccafurt, MT 83448";1995-01-03
Alexander Taylor;+1-474-708-6164;eolson@example.net;"62808 Cervantes Bypass Suite 130
Woodberg, AK 40537";2013-06-17
Rebecca Skinner;+1-421-824-5079x001;jeffrey57@example.org;"PSC 5731, Box 6769
APO AA 87837";2004-04-12
Cassidy Castaneda;(287)997-4040x2179;qwilliams@example.org;"891 Steven Landing Apt. 516
Port Cynthia, NY 91407";1996-09-13
David Parker;+1-839-245-2238x069;jacqueline42@example.com;"Unit 3649 Box 1477
DPO AA 75843";2019-09-20
Cynthia Brown;996-699-5066x1547;cbruce@example.com;"3170 Smith Village Apt. 534
North Jeffrey, NE 18451";2002-12-31
Holly Horn;+1-830-490-5160x302;virginia09@example.net;"4991 Juan Locks
Beckfort, DE 92047";2001-10-10
Tamara Barnes;(462)719-7431;hannahaguirre@example.org;"985 Miller Ranch
Kerrytown, TN 03828";2023-08-16
Christopher Clark;001-774-326-2672x330;zhurst@example.org;"09137 Richard Burgs
West Gabriel, UT 27335";2003-05-17
Angel Parks;(605)971-9567x257;diana23@example.org;"0960 King Club Apt. 997
Williamsside, MS 45712";1987-05-02
Emily Tucker;+1-829-380-7846x423;marshalllisa@example.net;"83040 Jacobson Turnpike Suite 592
Port Donna, WA 92931";1985-03-26
Joshua Nicholson;(871)463-1534;cookejulie@example.org;"229 Patterson Shoals Apt. 420
Port Eric, HI 26219";1979-01-16
Samantha Williams;737.308.5398x80765;wheelerpenny@example.com;"6061 David Haven
New Codyville, MI 56973";2019-04-25
Terry Sheppard;910-270-2978;ewhite@example.org;"PSC 4306, Box 4621
APO AP 67478";1978-10-27
Elizabeth Archer;(495)418-5531;jonesandrew@example.org;"504 Johnston Inlet
Lake Ronald, VT 90055";2003-05-28
Matthew Alexander;001-262-991-0532x68925;pameladowns@example.com;"300 Samantha Mall Suite 526
New Michael, CO 53488";2011-08-02
Christina Gallagher;+1-628-466-1698x0829;barry63@example.org;"0135 Luke Ports Suite 130
North Kyle, MO 61774";2013-01-28
Adrian Silva;+1-731-377-6817x9482;clarkadam@example.org;"3324 Jeffrey View Suite 817
North Michaelchester, SC 39321";1974-03-07
Catherine Powers;(330)372-4264x01320;john27@example.net;"702 Davis Manors
Port Andrew, KS 16142";2000-10-10
Rachel Smith;+1-965-905-6695x58159;bcampbell@example.com;"67276 Julie Summit
Richardmouth, FM 75885";1973-03-14
Shannon Bell;318-692-6705;davisjudy@example.net;"65045 Lamb Gardens
North James, MO 05613";1999-04-22
Debra Cameron;001-540-203-5077x7402;kennethcannon@example.org;"465 Medina Wells
Lake Vanessa, WI 81227";1996-09-10
John Perry;681-858-4443x7117;alexandrastein@example.org;"9074 Jimenez Road
West Johnburgh, MS 52154";1978-10-02
Tanya Cervantes;001-480-592-3060x587;meghanwilcox@example.net;"4879 Rogers Orchard Suite 707
East Joyce, MH 96602";2004-01-08
Steven Johnson;+1-491-333-0397x9356;sblack@example.org;"583 Angela Canyon Suite 503
South Albert, MS 94556";1978-01-14
Peter Beltran;(597)956-1245x01506;michelleandrews@example.net;"01523 Collier Crescent
South John, HI 44357";1977-05-06
Betty Little;487.248.1274;jessicamartinez@example.net;"4997 Jean Prairie
New Robert, HI 06877";2022-11-28
Angela Kim;001-417-936-5068x6522;zrichard@example.com;"02490 Kelly Loaf
Johnview, WV 83015";2020-10-11
Pamela Hampton;302-220-6215x7738;william21@example.org;"5427 Brown Rest
Woodardport, SD 25134";2020-01-28
Christopher Lee;3119291785;yosborne@example.org;"45332 Ortiz Plains
Angelaborough, SD 24974";1982-04-13
Nicole Gonzalez;001-460-202-8805x22416;patellevi@example.com;"93968 Lauren Union Suite 705
Leeborough, DC 21229";2008-08-31
Susan Mcintyre;368.319.9697x74180;campbellryan@example.net;"214 Bailey Prairie Apt. 143
Lake Danielside, VT 80133";2003-09-14
Deborah Carpenter;571-976-6525x6755;aguilarphillip@example.org;"6809 Calhoun Branch
West Tiffanybury, AL 25609";1987-08-19
Kevin Gallagher;(223)209-2400;kevin44@example.net;"2375 Harris Plaza
Timothyshire, IL 88701";1975-03-03
Crystal Hebert;327-401-9075x952;walter67@example.net;"9352 Jason Gateway
South Edwardborough, GA 61100";1977-10-05
Andre Williams;+1-912-811-9849x3406;kari70@example.org;"09466 Steve Alley Suite 183
Thomaston, MT 89091";2002-11-10
John Alexander;+1-658-860-1604x105;emilybailey@example.org;"504 Mary Center
West Jennifer, MP 14731";1995-07-01
Darlene Hall;289-881-1179;vray@example.net;"88400 Christopher Valleys Apt. 186
East Billton, AK 53805";1984-12-29
April Brown;(308)942-3872x67669;vhudson@example.org;"USNS Turner
FPO AA 55108";2008-12-16
Andrew Wolfe;+1-374-383-4723;james26@example.org;"710 Lindsay Rapids
East Stevenview, WA 01764";2009-07-10
Stephen Palmer;001-721-655-3228x993;colleenharris@example.net;"845 Michael Brooks
New Christian, IN 15791";2021-02-23
Christina Lowery;001-846-403-2001x16690;jeremyberg@example.com;"88938 Douglas Roads
South William, CA 26610";2007-06-05
Kristen Maldonado;(395)265-3055x302;rollinsbrian@example.net;"38617 Frank Ferry
Carrollborough, OK 72543";2014-02-16
Charles Sutton;001-319-971-6929x920;juanbrown@example.com;"8777 Guerrero Burgs Suite 688
Wallacefort, UT 90072";1971-12-14
Sara Crawford;754.329.6185;anthonyfrazier@example.net;"968 Terry Centers
East Melissaview, RI 15278";1991-02-27
Margaret Howell;(416)963-5738;marymorales@example.com;"2481 Martinez Well
North Lindafurt, KY 32507";1984-01-11
Susan Smith;001-875-642-4174x3564;nwebb@example.net;"342 Tiffany Vista
Lake Nancy, KS 72545";1992-06-24
Steven Jones DDS;001-761-781-5679x30817;carolvaughan@example.net;"3175 Pamela Vista
Patrickbury, CT 29777";1986-06-24
Randall Martin;3546281486;morrisonmichael@example.com;"92785 Hill Park Suite 430
Matthewchester, RI 12193";2004-03-23
Melissa Rodriguez;+1-665-388-0466x8246;zhicks@example.com;"4570 Debra Curve
South Glennborough, UT 91412";2017-01-02
Phillip Vaughn;202.425.5373;walldeborah@example.com;"49049 Taylor Crest Apt. 608
Lake Michelleport, WV 20247";2009-08-12
Susan Lopez;+1-593-625-2959x187;paul20@example.net;"4405 Karen Point Suite 048
Port Johnstad, AR 61495";1985-01-27
Edwin Barrett;+1-599-776-0919;scotttiffany@example.net;"53668 Brian Green Apt. 386
East Joseph, FL 78588";2020-02-27
Angela Hudson;979.369.3100;jasonmatthews@example.net;"40943 Laurie Rue
Lake Phillip, NH 16802";2003-05-26
Marcus Mcfarland;001-412-531-4819x5373;qfarmer@example.net;"USNS Smith
FPO AE 59280";1997-12-26
Diana Peterson;(954)575-6896;nathansilva@example.org;"USNV Johnson
FPO AP 17229";1994-03-07
Anthony Fox;(383)958-4622x84330;xlee@example.com;"412 Juan Lake Apt. 287
Leeport, GU 08081";1981-06-27
Kelly Nielsen;001-473-422-9004;johnsalazar@example.net;"3481 Jennifer Landing Apt. 822
Kleinland, FL 25287";1994-10-15
Laura Logan;+1-552-957-5186x1729;teresaroberts@example.org;"758 Jeremiah Groves
North Rachelberg, UT 88070";2003-12-03
Amy Reyes;001-669-288-2957;lunacharles@example.com;"775 Fisher Isle
Joshuaside, NJ 66768";1993-07-13
Nicole Fitzgerald;650.462.1824x97627;lpatel@example.com;"011 Dustin Terrace Suite 351
Lake Sheilamouth, OK 09962";2006-09-19
Hannah Ortiz;(636)988-4092x951;fmiller@example.org;"3505 Johnson Summit Apt. 216
Brianburgh, DC 27060";1986-06-04
Donald Ray;249-576-4295;krystal96@example.com;"PSC 8743, Box 0625
APO AA 78264";2018-08-18
Bruce Reyes;977.916.7721;douglassanchez@example.net;"38801 Jesus Lake Suite 731
New Andrewfort, NJ 52114";2009-07-06
Barbara Willis;(767)671-4893;eprice@example.net;"9212 Prince Brooks
Georgemouth, VI 18769";1986-11-25
Kayla Tran;300-453-1770;jerryhill@example.org;"5474 Becker Trail Apt. 458
Wheelertown, AR 00981";1986-12-24
Tina Sloan;(565)808-1381x209;jamescurtis@example.net;"6780 Adam Street Suite 842
Josebury, ME 35560";1991-01-22
Allison Nguyen;(758)559-6723x282;hbriggs@example.org;"005 Frank Glens
Angeltown, PR 01193";1979-11-29
Ethan Glover;+1-320-540-5728x4564;annamurray@example.com;"94928 James Station Apt. 589
Smithtown, KS 10486";1994-10-29
Shelley Gutierrez;259-450-9947x70952;hunterrojas@example.net;"48224 Mills Orchard
South Allisonhaven, WA 84818";1971-11-14
Emily Newton;463-578-9452x435;oford@example.com;"24800 Sanders Glens Apt. 177
Mosleyborough, OK 50650";2002-11-06
Danielle Gonzalez;(505)994-1687x999;devondiaz@example.com;"5753 Solomon Rue
Petersonbury, MN 85700";2001-10-03
Chad Simpson MD;407-434-8418;zrodriguez@example.com;"6478 Walsh Ridge Suite 062
Lake Suzanne, OR 08422";1991-03-07
Mark Garrett;974-564-0990;nguyenmonica@example.com;"95505 John Ridges
Nelsonland, IL 87760";1998-05-01
Diane Delgado;(740)994-5533x98460;christopher91@example.net;"89376 Marc Inlet Apt. 069
West Paul, TN 86084";1988-05-18
Briana Long;001-845-332-4512x93547;deannaadams@example.net;"15472 Parks Knolls
Martinezmouth, AK 10305";1981-11-07
Brett Ford;(653)479-4158;maychristopher@example.com;"58346 Robinson Corners Suite 744
New Jenniferfurt, NJ 59199";2022-02-12
Mario Harrison;830.374.8745x57223;wdoyle@example.com;"8731 Alejandra Stream
Cartermouth, NE 18779";1997-02-21
Alexandra Bishop;001-752-565-3839x0705;ethanedwards@example.com;"400 Mcneil Burg Apt. 757
East Don, WV 36931";2023-04-30
Lindsay Peters;+1-945-975-4814x9851;brooke32@example.net;"3602 Wilson Fort Suite 928
New Toddland, MD 25730";2010-06-01
Joy Cunningham;402.620.1489x11219;gina60@example.com;"406 Nathan Dale Suite 822
Aliville, MT 55195";1986-11-06
Amy Powell;001-444-255-8641x296;dbooker@example.com;"484 Stokes Loop Suite 218
South Candiceborough, IN 26543";1972-04-27
Heidi Williams;299-466-7475;harriscassandra@example.net;"USS Chambers
FPO AP 00784";1997-03-18
Alexis Miller;(416)293-2691;johnlawson@example.net;"1478 Carey Glens Apt. 412
West Bethville, SC 75813";2008-09-30
Kenneth Webb;637.503.0657;samantha26@example.net;"781 Hamilton Forges Apt. 012
Timothytown, VI 97736";1999-09-21
Emily Schaefer;(715)285-5953;jessica26@example.net;"353 Garcia Port
Matthewfort, MA 00768";1996-09-02
Martha Harris;001-791-554-2026;dbryant@example.org;"PSC 2702, Box 1065
APO AE 63637";1978-01-22
